{"cameraMode":{"drawMode":0,"name":"Shaded","section":"Shading Mode"},"sceneLighting":true,"audioPlay":false,"sceneViewState":{"showFog":false,"showMaterialUpdate":false,"showSkybox":false,"showFlares":false,"showImageEffects":false,"showParticleSystems":false},"in2DMode":false,"pivot":{"x":0.3475022614002228,"y":0.7219936847686768,"z":-0.2550153136253357},"rotation":{"x":-0.32183942198753359,"y":0.035492587834596637,"z":-0.01206633634865284,"w":-0.9460553526878357},"size":6.1578850746154789,"orthographic":false}