{"cameraMode":{"drawMode":0,"name":"Shaded","section":"Shading Mode"},"sceneLighting":true,"audioPlay":false,"sceneViewState":{"showFog":false,"showMaterialUpdate":false,"showSkybox":false,"showFlares":false,"showImageEffects":false,"showParticleSystems":false},"in2DMode":false,"pivot":{"x":0.3475022614002228,"y":0.7219936847686768,"z":-0.2550153136253357},"rotation":{"x":-0.07132554799318314,"y":0.025429073721170427,"z":-0.0018162233754992486,"w":-0.9971300959587097},"size":4.657884120941162,"orthographic":false}