{"cameraMode":{"drawMode":0,"name":"Shaded","section":"Shading Mode"},"sceneLighting":true,"audioPlay":false,"sceneViewState":{"showFog":false,"showMaterialUpdate":false,"showSkybox":false,"showFlares":false,"showImageEffects":false,"showParticleSystems":false},"in2DMode":false,"pivot":{"x":0.3475022614002228,"y":0.7219936847686768,"z":-0.2550153136253357},"rotation":{"x":0.003585612401366234,"y":-0.053977303206920627,"z":-0.00019090621208306402,"w":-0.9985385537147522},"size":6.1578850746154789,"orthographic":false}